weights,RMSE,MAE
"[0.4, 0.4, 0.2]",2.7859105022592,2.5101395532406134
